{"cameraMode":{"drawMode":0,"name":"Shaded","section":"Shading Mode"},"sceneLighting":true,"audioPlay":false,"sceneViewState":{"m_AlwaysRefresh":false,"showFog":true,"showSkybox":true,"showFlares":true,"showImageEffects":true,"showParticleSystems":true,"showVisualEffectGraphs":true,"m_FxEnabled":true},"in2DMode":false,"pivot":{"x":0.02473294734954834,"y":0.018429458141326906,"z":-0.03514456748962402},"rotation":{"x":-0.06322503089904785,"y":0.9285455942153931,"z":-0.18659210205078126,"w":-0.3146290183067322},"size":1.0558193922042847,"orthographic":false}